#,Services Offered (Please include all the services you want to include on the website.),"Target Market (e.g., startups, freelancers, SMEs, international investors)",Logo,Brand colors,Typography / Fonts,Brand guidelines,What is your brand colors?,What is your typography and font preference?,How would you describe the style you prefer?,Other,Share 2–3 websites you like (and why).,"Do you have content ready (text, service descriptions, images)?",Do you already have a domain name?,What is your domain name?,Are there specific keywords or phrases you want to rank for in terms of SEO?,Who are your top 3 competitors?,What makes your service unique compared to them?,Do you have a preferred launch date?,"Any other details, ideas, or special requests you’d like us to know?",Response Type,Start Date (UTC),Stage Date (UTC),Submit Date (UTC),Network ID,Tags,Ending
rwm0lxhgn7gw6lvyrwm0l0943j6o0e17,"Business Setup Notary Services Attestations Visa Services Documentation Services Conveyancing Services","International Investors
Entrepreneurs
SME
Start Ups
SMEs
Freelancers
Existing Businesses",Logo,,,,,,Professional & Corporate,,"http://Licorne.ae
CSP GROUP
http://Decisivezone.ae",Need help creating content,No,,Use the best,"Shuraa Business Setup
Adam Global 
Virtuzone","We provide end-to-end corporate solutions with personalized guidance, transparent pricing, and compliance-backed strategies—empowering businesses to thrive confidently in the UAE",2025-09-25T00:00:00.000Z,Expect service from you,completed,2025-09-04 08:42:26,,2025-09-04 11:26:22,77d6a46b6a,,✅ All done — thank you!
